work_order_id,machine_model,alarm_code,alarm_text,symptom,diagnosis,action_taken,resolution_status,created_at,source
WO-0001,VF-4,118,Spindle Low Gear Fault,Alarm returned after restart,Further troubleshooting required; no cause assumed,Documented symptoms; left open for further investigation,unresolved,2026-06-07T09:30:23.268079+00:00,synthetic
WO-0002,VF-6,107,Emergency Off,Alarm recorded; machine remains stopped pending diagnosis,Cause not confirmed; qualified inspection required,Documented symptoms; left open for further investigation,unresolved,2026-01-04T09:30:23.268079+00:00,synthetic
WO-0003,VF-2,102,Servos Off,Alarm and symptoms documented for maintenance,Root cause undetermined; referred for qualified diagnosis,Referred to qualified maintenance personnel,escalated,2026-08-24T09:30:23.268079+00:00,synthetic
WO-0004,VF-2,107,Emergency Off,Alarm returned after restart,Further troubleshooting required; no cause assumed,Documented symptoms; left open for further investigation,unresolved,2025-12-27T09:30:23.268079+00:00,synthetic
WO-0005,VF-2,107,Emergency Off,Initial observation recorded; further testing pending,Possible control or mechanical issue; not confirmed,Referred to qualified maintenance personnel,escalated,2026-02-23T09:30:23.268079+00:00,synthetic
WO-0006,VF-2,117,Spindle High Gear Fault,Alarm recorded; machine remains stopped pending diagnosis,Cause not confirmed; qualified inspection required,Documented symptoms; left open for further investigation,unresolved,2025-10-18T09:30:23.268079+00:00,synthetic
WO-0007,VF-2,114,Shuttle Out Fault,Alarm recorded; machine remains stopped pending diagnosis,Cause not confirmed; qualified inspection required,Documented symptoms; left open for further investigation,unresolved,2026-04-21T09:30:23.268079+00:00,synthetic
WO-0008,VF-4,102,Servos Off,Alarm recorded; machine remains stopped pending diagnosis,Cause not confirmed; qualified inspection required,Documented symptoms; left open for further investigation,unresolved,2026-04-17T09:30:23.268079+00:00,synthetic
WO-0009,VF-6,117,Spindle High Gear Fault,Alarm recorded; machine remains stopped pending diagnosis,Cause not confirmed; qualified inspection required,Documented symptoms; left open for further investigation,unresolved,2026-02-17T09:30:23.268079+00:00,synthetic
WO-0010,VF-2,116,Spindle Orientation Fault,Intermittent alarm reported by operator,Insufficient evidence to determine root cause,Documented symptoms; left open for further investigation,unresolved,2026-01-01T09:30:23.268079+00:00,synthetic
WO-0011,VF-6,108,X Servo Overload,Simulated maintenance action completed and result verified,Simulated cause documented; post-maintenance check passed,Synthetic example only: corrective action and verification recorded for test-data purposes,resolved,2026-07-04T09:30:23.268079+00:00,synthetic
WO-0012,VF-2,120,Low Air Pressure,Alarm returned after restart,Further troubleshooting required; no cause assumed,Documented symptoms; left open for further investigation,unresolved,2026-05-15T09:30:23.268079+00:00,synthetic
WO-0013,VF-4,102,Servos Off,Simulated inspection identified and corrected a documented issue,Simulated corrective action completed; operation rechecked,Synthetic example only: corrective action and verification recorded for test-data purposes,resolved,2026-05-21T09:30:23.268079+00:00,synthetic
WO-0014,VF-2,115,Turret Rotate Fault,Initial observation recorded; further testing pending,Possible control or mechanical issue; not confirmed,Referred to qualified maintenance personnel,escalated,2026-04-04T09:30:23.268079+00:00,synthetic
WO-0015,VF-6,113,Shuttle In Fault,Intermittent alarm reported by operator,Insufficient evidence to determine root cause,Documented symptoms; left open for further investigation,unresolved,2025-10-26T09:30:23.268079+00:00,synthetic
WO-0016,VF-2,118,Spindle Low Gear Fault,Alarm returned after restart,Further troubleshooting required; no cause assumed,Documented symptoms; left open for further investigation,unresolved,2026-01-10T09:30:23.268079+00:00,synthetic
WO-0017,VF-4,120,Low Air Pressure,Intermittent alarm reported by operator,Insufficient evidence to determine root cause,Documented symptoms; left open for further investigation,unresolved,2026-05-25T09:30:23.268079+00:00,synthetic
WO-0018,VF-6,123,Spindle Drive Fault,Alarm and symptoms documented for maintenance,Root cause undetermined; referred for qualified diagnosis,Referred to qualified maintenance personnel,escalated,2026-04-27T09:30:23.268079+00:00,synthetic
WO-0019,VF-2,122,Regen Overheat,Simulated inspection identified and corrected a documented issue,Simulated corrective action completed; operation rechecked,Synthetic example only: corrective action and verification recorded for test-data purposes,resolved,2026-09-24T09:30:23.268079+00:00,synthetic
WO-0020,VF-2,121,Low Lube or Low Pressure,Intermittent alarm reported by operator,Insufficient evidence to determine root cause,Documented symptoms; left open for further investigation,unresolved,2026-06-24T09:30:23.268079+00:00,synthetic
WO-0021,VF-2,123,Spindle Drive Fault,Simulated maintenance action completed and result verified,Simulated cause documented; post-maintenance check passed,Synthetic example only: corrective action and verification recorded for test-data purposes,resolved,2025-11-09T09:30:23.268079+00:00,synthetic
WO-0022,VF-4,115,Turret Rotate Fault,Alarm returned after restart,Further troubleshooting required; no cause assumed,Documented symptoms; left open for further investigation,unresolved,2026-07-29T09:30:23.268079+00:00,synthetic
WO-0023,VF-6,108,X Servo Overload,Alarm returned after restart,Further troubleshooting required; no cause assumed,Documented symptoms; left open for further investigation,unresolved,2026-01-08T09:30:23.268079+00:00,synthetic
WO-0024,VF-6,108,X Servo Overload,Initial observation recorded; further testing pending,Possible control or mechanical issue; not confirmed,Referred to qualified maintenance personnel,escalated,2026-03-20T09:30:23.268079+00:00,synthetic
WO-0025,VF-6,113,Shuttle In Fault,Alarm recorded; machine remains stopped pending diagnosis,Cause not confirmed; qualified inspection required,Documented symptoms; left open for further investigation,unresolved,2026-01-31T09:30:23.268079+00:00,synthetic
WO-0026,VF-2,102,Servos Off,Simulated inspection identified and corrected a documented issue,Simulated corrective action completed; operation rechecked,Synthetic example only: corrective action and verification recorded for test-data purposes,resolved,2025-11-23T09:30:23.268079+00:00,synthetic
WO-0027,VF-6,103,X Servo Error Too Large,Simulated maintenance action completed and result verified,Simulated cause documented; post-maintenance check passed,Synthetic example only: corrective action and verification recorded for test-data purposes,resolved,2026-09-08T09:30:23.268079+00:00,synthetic
WO-0028,VF-6,114,Shuttle Out Fault,Intermittent alarm reported by operator,Insufficient evidence to determine root cause,Documented symptoms; left open for further investigation,unresolved,2026-06-04T09:30:23.268079+00:00,synthetic
WO-0029,VF-6,116,Spindle Orientation Fault,Simulated inspection identified and corrected a documented issue,Simulated corrective action completed; operation rechecked,Synthetic example only: corrective action and verification recorded for test-data purposes,resolved,2026-08-13T09:30:23.268079+00:00,synthetic
WO-0030,VF-6,118,Spindle Low Gear Fault,Simulated maintenance action completed and result verified,Simulated cause documented; post-maintenance check passed,Synthetic example only: corrective action and verification recorded for test-data purposes,resolved,2026-04-19T09:30:23.268079+00:00,synthetic
WO-0031,VF-4,102,Servos Off,Alarm recorded; machine remains stopped pending diagnosis,Cause not confirmed; qualified inspection required,Documented symptoms; left open for further investigation,unresolved,2026-10-09T09:30:23.268079+00:00,synthetic
WO-0032,VF-6,120,Low Air Pressure,Simulated maintenance action completed and result verified,Simulated cause documented; post-maintenance check passed,Synthetic example only: corrective action and verification recorded for test-data purposes,resolved,2026-07-11T09:30:23.268079+00:00,synthetic
WO-0033,VF-6,116,Spindle Orientation Fault,Simulated maintenance action completed and result verified,Simulated cause documented; post-maintenance check passed,Synthetic example only: corrective action and verification recorded for test-data purposes,resolved,2026-01-24T09:30:23.268079+00:00,synthetic
WO-0034,VF-2,117,Spindle High Gear Fault,Intermittent alarm reported by operator,Insufficient evidence to determine root cause,Documented symptoms; left open for further investigation,unresolved,2026-01-07T09:30:23.268079+00:00,synthetic
WO-0035,VF-6,121,Low Lube or Low Pressure,Simulated inspection identified and corrected a documented issue,Simulated corrective action completed; operation rechecked,Synthetic example only: corrective action and verification recorded for test-data purposes,resolved,2026-04-28T09:30:23.268079+00:00,synthetic
WO-0036,VF-4,115,Turret Rotate Fault,Intermittent alarm reported by operator,Insufficient evidence to determine root cause,Documented symptoms; left open for further investigation,unresolved,2026-06-10T09:30:23.268079+00:00,synthetic
WO-0037,VF-2,101,Comm. Failure with MOCON,Alarm returned after restart,Further troubleshooting required; no cause assumed,Documented symptoms; left open for further investigation,unresolved,2026-08-28T09:30:23.268079+00:00,synthetic
WO-0038,VF-6,120,Low Air Pressure,Alarm and symptoms documented for maintenance,Root cause undetermined; referred for qualified diagnosis,Referred to qualified maintenance personnel,escalated,2026-08-07T09:30:23.268079+00:00,synthetic
WO-0039,VF-4,103,X Servo Error Too Large,Alarm and symptoms documented for maintenance,Root cause undetermined; referred for qualified diagnosis,Referred to qualified maintenance personnel,escalated,2026-01-13T09:30:23.268079+00:00,synthetic
WO-0040,VF-6,122,Regen Overheat,Alarm and symptoms documented for maintenance,Root cause undetermined; referred for qualified diagnosis,Referred to qualified maintenance personnel,escalated,2025-10-22T09:30:23.268079+00:00,synthetic
WO-0041,VF-6,107,Emergency Off,Initial observation recorded; further testing pending,Possible control or mechanical issue; not confirmed,Referred to qualified maintenance personnel,escalated,2025-11-12T09:30:23.268079+00:00,synthetic
WO-0042,VF-4,113,Shuttle In Fault,Alarm returned after restart,Further troubleshooting required; no cause assumed,Documented symptoms; left open for further investigation,unresolved,2026-08-10T09:30:23.268079+00:00,synthetic
WO-0043,VF-2,107,Emergency Off,Intermittent alarm reported by operator,Insufficient evidence to determine root cause,Documented symptoms; left open for further investigation,unresolved,2025-12-13T09:30:23.268079+00:00,synthetic
WO-0044,VF-2,116,Spindle Orientation Fault,Alarm recorded; machine remains stopped pending diagnosis,Cause not confirmed; qualified inspection required,Documented symptoms; left open for further investigation,unresolved,2026-09-04T09:30:23.268079+00:00,synthetic
WO-0045,VF-2,120,Low Air Pressure,Alarm and symptoms documented for maintenance,Root cause undetermined; referred for qualified diagnosis,Referred to qualified maintenance personnel,escalated,2026-09-24T09:30:23.268079+00:00,synthetic
WO-0046,VF-2,122,Regen Overheat,Alarm returned after restart,Further troubleshooting required; no cause assumed,Documented symptoms; left open for further investigation,unresolved,2026-05-21T09:30:23.268079+00:00,synthetic
WO-0047,VF-6,118,Spindle Low Gear Fault,Alarm and symptoms documented for maintenance,Root cause undetermined; referred for qualified diagnosis,Referred to qualified maintenance personnel,escalated,2025-12-22T09:30:23.268079+00:00,synthetic
WO-0048,VF-4,117,Spindle High Gear Fault,Initial observation recorded; further testing pending,Possible control or mechanical issue; not confirmed,Referred to qualified maintenance personnel,escalated,2026-07-05T09:30:23.268079+00:00,synthetic
WO-0049,VF-4,102,Servos Off,Intermittent alarm reported by operator,Insufficient evidence to determine root cause,Documented symptoms; left open for further investigation,unresolved,2026-03-08T09:30:23.268079+00:00,synthetic
WO-0050,VF-6,114,Shuttle Out Fault,Alarm and symptoms documented for maintenance,Root cause undetermined; referred for qualified diagnosis,Referred to qualified maintenance personnel,escalated,2025-11-10T09:30:23.268079+00:00,synthetic
WO-0051,VF-6,118,Spindle Low Gear Fault,Intermittent alarm reported by operator,Insufficient evidence to determine root cause,Documented symptoms; left open for further investigation,unresolved,2026-04-20T09:30:23.268079+00:00,synthetic
WO-0052,VF-2,121,Low Lube or Low Pressure,Simulated inspection identified and corrected a documented issue,Simulated corrective action completed; operation rechecked,Synthetic example only: corrective action and verification recorded for test-data purposes,resolved,2026-07-05T09:30:23.268079+00:00,synthetic
WO-0053,VF-2,116,Spindle Orientation Fault,Intermittent alarm reported by operator,Insufficient evidence to determine root cause,Documented symptoms; left open for further investigation,unresolved,2026-05-21T09:30:23.268079+00:00,synthetic
WO-0054,VF-4,115,Turret Rotate Fault,Alarm recorded; machine remains stopped pending diagnosis,Cause not confirmed; qualified inspection required,Documented symptoms; left open for further investigation,unresolved,2026-01-02T09:30:23.268079+00:00,synthetic
WO-0055,VF-2,102,Servos Off,Alarm returned after restart,Further troubleshooting required; no cause assumed,Documented symptoms; left open for further investigation,unresolved,2026-08-24T09:30:23.268079+00:00,synthetic
WO-0056,VF-2,123,Spindle Drive Fault,Simulated inspection identified and corrected a documented issue,Simulated corrective action completed; operation rechecked,Synthetic example only: corrective action and verification recorded for test-data purposes,resolved,2026-03-16T09:30:23.268079+00:00,synthetic
WO-0057,VF-2,115,Turret Rotate Fault,Initial observation recorded; further testing pending,Possible control or mechanical issue; not confirmed,Referred to qualified maintenance personnel,escalated,2026-07-18T09:30:23.268079+00:00,synthetic
WO-0058,VF-4,114,Shuttle Out Fault,Intermittent alarm reported by operator,Insufficient evidence to determine root cause,Documented symptoms; left open for further investigation,unresolved,2026-02-20T09:30:23.268079+00:00,synthetic
WO-0059,VF-6,108,X Servo Overload,Alarm returned after restart,Further troubleshooting required; no cause assumed,Documented symptoms; left open for further investigation,unresolved,2025-11-06T09:30:23.268079+00:00,synthetic
WO-0060,VF-4,120,Low Air Pressure,Alarm and symptoms documented for maintenance,Root cause undetermined; referred for qualified diagnosis,Referred to qualified maintenance personnel,escalated,2026-06-21T09:30:23.268079+00:00,synthetic
WO-0061,VF-6,101,Comm. Failure with MOCON,Alarm and symptoms documented for maintenance,Root cause undetermined; referred for qualified diagnosis,Referred to qualified maintenance personnel,escalated,2026-05-03T09:30:23.268079+00:00,synthetic
WO-0062,VF-6,101,Comm. Failure with MOCON,Intermittent alarm reported by operator,Insufficient evidence to determine root cause,Documented symptoms; left open for further investigation,unresolved,2026-01-12T09:30:23.268079+00:00,synthetic
WO-0063,VF-2,103,X Servo Error Too Large,Alarm returned after restart,Further troubleshooting required; no cause assumed,Documented symptoms; left open for further investigation,unresolved,2026-07-07T09:30:23.268079+00:00,synthetic
WO-0064,VF-4,102,Servos Off,Alarm and symptoms documented for maintenance,Root cause undetermined; referred for qualified diagnosis,Referred to qualified maintenance personnel,escalated,2026-08-10T09:30:23.268079+00:00,synthetic
WO-0065,VF-6,123,Spindle Drive Fault,Alarm and symptoms documented for maintenance,Root cause undetermined; referred for qualified diagnosis,Referred to qualified maintenance personnel,escalated,2026-08-30T09:30:23.268079+00:00,synthetic
WO-0066,VF-4,114,Shuttle Out Fault,Initial observation recorded; further testing pending,Possible control or mechanical issue; not confirmed,Referred to qualified maintenance personnel,escalated,2026-06-28T09:30:23.268079+00:00,synthetic
WO-0067,VF-4,118,Spindle Low Gear Fault,Alarm and symptoms documented for maintenance,Root cause undetermined; referred for qualified diagnosis,Referred to qualified maintenance personnel,escalated,2026-03-22T09:30:23.268079+00:00,synthetic
WO-0068,VF-4,103,X Servo Error Too Large,Initial observation recorded; further testing pending,Possible control or mechanical issue; not confirmed,Referred to qualified maintenance personnel,escalated,2026-05-02T09:30:23.268079+00:00,synthetic
WO-0069,VF-2,123,Spindle Drive Fault,Simulated inspection identified and corrected a documented issue,Simulated corrective action completed; operation rechecked,Synthetic example only: corrective action and verification recorded for test-data purposes,resolved,2026-02-18T09:30:23.268079+00:00,synthetic
WO-0070,VF-2,117,Spindle High Gear Fault,Simulated inspection identified and corrected a documented issue,Simulated corrective action completed; operation rechecked,Synthetic example only: corrective action and verification recorded for test-data purposes,resolved,2026-01-08T09:30:23.268079+00:00,synthetic
WO-0071,VF-4,107,Emergency Off,Alarm and symptoms documented for maintenance,Root cause undetermined; referred for qualified diagnosis,Referred to qualified maintenance personnel,escalated,2026-09-05T09:30:23.268079+00:00,synthetic
WO-0072,VF-2,123,Spindle Drive Fault,Intermittent alarm reported by operator,Insufficient evidence to determine root cause,Documented symptoms; left open for further investigation,unresolved,2026-02-28T09:30:23.268079+00:00,synthetic
WO-0073,VF-6,122,Regen Overheat,Initial observation recorded; further testing pending,Possible control or mechanical issue; not confirmed,Referred to qualified maintenance personnel,escalated,2025-11-10T09:30:23.268079+00:00,synthetic
WO-0074,VF-4,116,Spindle Orientation Fault,Alarm returned after restart,Further troubleshooting required; no cause assumed,Documented symptoms; left open for further investigation,unresolved,2025-11-05T09:30:23.268079+00:00,synthetic
WO-0075,VF-4,102,Servos Off,Simulated inspection identified and corrected a documented issue,Simulated corrective action completed; operation rechecked,Synthetic example only: corrective action and verification recorded for test-data purposes,resolved,2026-08-12T09:30:23.268079+00:00,synthetic
WO-0076,VF-2,123,Spindle Drive Fault,Alarm returned after restart,Further troubleshooting required; no cause assumed,Documented symptoms; left open for further investigation,unresolved,2026-05-24T09:30:23.268079+00:00,synthetic
WO-0077,VF-2,108,X Servo Overload,Initial observation recorded; further testing pending,Possible control or mechanical issue; not confirmed,Referred to qualified maintenance personnel,escalated,2025-10-24T09:30:23.268079+00:00,synthetic
WO-0078,VF-4,118,Spindle Low Gear Fault,Simulated maintenance action completed and result verified,Simulated cause documented; post-maintenance check passed,Synthetic example only: corrective action and verification recorded for test-data purposes,resolved,2026-09-14T09:30:23.268079+00:00,synthetic
WO-0079,VF-2,102,Servos Off,Initial observation recorded; further testing pending,Possible control or mechanical issue; not confirmed,Referred to qualified maintenance personnel,escalated,2026-10-09T09:30:23.268079+00:00,synthetic
WO-0080,VF-2,113,Shuttle In Fault,Simulated maintenance action completed and result verified,Simulated cause documented; post-maintenance check passed,Synthetic example only: corrective action and verification recorded for test-data purposes,resolved,2026-02-26T09:30:23.268079+00:00,synthetic
WO-0081,VF-2,116,Spindle Orientation Fault,Alarm and symptoms documented for maintenance,Root cause undetermined; referred for qualified diagnosis,Referred to qualified maintenance personnel,escalated,2026-09-02T09:30:23.268079+00:00,synthetic
WO-0082,VF-6,123,Spindle Drive Fault,Alarm and symptoms documented for maintenance,Root cause undetermined; referred for qualified diagnosis,Referred to qualified maintenance personnel,escalated,2026-09-22T09:30:23.268079+00:00,synthetic
WO-0083,VF-2,122,Regen Overheat,Alarm returned after restart,Further troubleshooting required; no cause assumed,Documented symptoms; left open for further investigation,unresolved,2026-03-04T09:30:23.268079+00:00,synthetic
WO-0084,VF-2,103,X Servo Error Too Large,Intermittent alarm reported by operator,Insufficient evidence to determine root cause,Documented symptoms; left open for further investigation,unresolved,2026-04-10T09:30:23.268079+00:00,synthetic
WO-0085,VF-4,107,Emergency Off,Alarm and symptoms documented for maintenance,Root cause undetermined; referred for qualified diagnosis,Referred to qualified maintenance personnel,escalated,2025-12-28T09:30:23.268079+00:00,synthetic
WO-0086,VF-2,123,Spindle Drive Fault,Simulated inspection identified and corrected a documented issue,Simulated corrective action completed; operation rechecked,Synthetic example only: corrective action and verification recorded for test-data purposes,resolved,2026-07-19T09:30:23.268079+00:00,synthetic
WO-0087,VF-2,121,Low Lube or Low Pressure,Simulated maintenance action completed and result verified,Simulated cause documented; post-maintenance check passed,Synthetic example only: corrective action and verification recorded for test-data purposes,resolved,2026-07-11T09:30:23.268079+00:00,synthetic
WO-0088,VF-6,120,Low Air Pressure,Simulated maintenance action completed and result verified,Simulated cause documented; post-maintenance check passed,Synthetic example only: corrective action and verification recorded for test-data purposes,resolved,2026-06-05T09:30:23.268079+00:00,synthetic
WO-0089,VF-2,108,X Servo Overload,Alarm returned after restart,Further troubleshooting required; no cause assumed,Documented symptoms; left open for further investigation,unresolved,2026-03-29T09:30:23.268079+00:00,synthetic
WO-0090,VF-2,122,Regen Overheat,Intermittent alarm reported by operator,Insufficient evidence to determine root cause,Documented symptoms; left open for further investigation,unresolved,2026-06-30T09:30:23.268079+00:00,synthetic
WO-0091,VF-4,122,Regen Overheat,Simulated maintenance action completed and result verified,Simulated cause documented; post-maintenance check passed,Synthetic example only: corrective action and verification recorded for test-data purposes,resolved,2026-06-16T09:30:23.268079+00:00,synthetic
WO-0092,VF-4,107,Emergency Off,Alarm recorded; machine remains stopped pending diagnosis,Cause not confirmed; qualified inspection required,Documented symptoms; left open for further investigation,unresolved,2026-04-25T09:30:23.268079+00:00,synthetic
WO-0093,VF-4,108,X Servo Overload,Simulated maintenance action completed and result verified,Simulated cause documented; post-maintenance check passed,Synthetic example only: corrective action and verification recorded for test-data purposes,resolved,2025-11-16T09:30:23.268079+00:00,synthetic
WO-0094,VF-4,116,Spindle Orientation Fault,Alarm returned after restart,Further troubleshooting required; no cause assumed,Documented symptoms; left open for further investigation,unresolved,2026-09-26T09:30:23.268079+00:00,synthetic
WO-0095,VF-2,102,Servos Off,Simulated maintenance action completed and result verified,Simulated cause documented; post-maintenance check passed,Synthetic example only: corrective action and verification recorded for test-data purposes,resolved,2025-12-17T09:30:23.268079+00:00,synthetic
WO-0096,VF-4,108,X Servo Overload,Alarm returned after restart,Further troubleshooting required; no cause assumed,Documented symptoms; left open for further investigation,unresolved,2026-04-17T09:30:23.268079+00:00,synthetic
WO-0097,VF-6,120,Low Air Pressure,Simulated maintenance action completed and result verified,Simulated cause documented; post-maintenance check passed,Synthetic example only: corrective action and verification recorded for test-data purposes,resolved,2026-01-22T09:30:23.268079+00:00,synthetic
WO-0098,VF-2,102,Servos Off,Alarm returned after restart,Further troubleshooting required; no cause assumed,Documented symptoms; left open for further investigation,unresolved,2026-06-02T09:30:23.268079+00:00,synthetic
WO-0099,VF-6,101,Comm. Failure with MOCON,Alarm and symptoms documented for maintenance,Root cause undetermined; referred for qualified diagnosis,Referred to qualified maintenance personnel,escalated,2026-01-08T09:30:23.268079+00:00,synthetic
WO-0100,VF-4,118,Spindle Low Gear Fault,Alarm and symptoms documented for maintenance,Root cause undetermined; referred for qualified diagnosis,Referred to qualified maintenance personnel,escalated,2026-03-04T09:30:23.268079+00:00,synthetic
